{"cameraMode":{"drawMode":0,"name":"Shaded","section":"Shading Mode"},"sceneLighting":true,"audioPlay":false,"sceneViewState":{"m_AlwaysRefresh":false,"showFog":true,"showSkybox":true,"showFlares":true,"showImageEffects":true,"showParticleSystems":true,"showVisualEffectGraphs":true,"m_FxEnabled":true},"in2DMode":false,"pivot":{"x":10.234492301940918,"y":0.9849294424057007,"z":41.921478271484378},"rotation":{"x":-0.1267138421535492,"y":0.46273118257522585,"z":-0.0669763907790184,"w":-0.8749240636825562},"size":0.8660253882408142,"orthographic":false}